Entity,Sub Entity,Year,Anti Corruption Score (out of 10)
CIB,TF,2019,8
CIB,EQ,2019,8
CIB,ERT,2019,10
CIB,PT,2019,5.7
CIB,Payments,2019,3.3
PWCC,Risk,2019,7
PWCC,Control,2019,9
PWCC,UI,2019,9
PWCC,Compliance,2019,6
PWCC,Audit,2019,6.6
HRIT,Backend,2019,5.5
HRIT,Frontend,2019,8
HRIT,L2,2019,4
HRIT,L3,2019,9
HRIT,Test,2019,7
TREASURY,Audit,2019,9
TREASURY,Control,2019,6
TREASURY,UI,2019,7
TREASURY,UX,2019,8
TREASURY,Test,2019,9
TREASURY,TF4,2019,7
